{"origem_x": 1081, "origem_y": 621, "zoom": 0.972, "template_d0": [[181.1491712707182, 100.74861878453044], [191.07550644567218, 114.22007366482507], [190.36648250460402, 149.6712707182321], [174.05893186003678, 165.26979742173114], [167.6777163904235, 146.8351749539595], [167.6777163904235, 117.76519337016578], [178.31307550644564, 130.5276243093923]], "template_d1": [[224.3996316758747, 100.03959484346228], [235.03499079189683, 113.51104972375697], [231.48987108655612, 146.8351749539595], [217.30939226519334, 165.9788213627993], [206.6740331491712, 149.6712707182321], [209.51012891344376, 116.34714548802953], [220.1454880294659, 131.94567219152856]], "template_d2": [[264.1049723756905, 101.45764272559859], [275.44935543278075, 116.34714548802953], [274.7403314917126, 149.6712707182321], [260.55985267034987, 164.56077348066304], [251.34254143646402, 147.54419889502765], [253.46961325966848, 116.34714548802953], [261.9779005524862, 132.6546961325967]], "template_d3": [[306.6464088397789, 100.03959484346228], [315.15469613259665, 116.34714548802953], [315.15469613259665, 146.1261510128914], [303.1012891344383, 165.26979742173114], [292.4659300184161, 146.1261510128914], [294.59300184162055, 118.47421731123393], [303.81031307550643, 131.23664825046046]]}